id,name,url,segmentationArea,opacity,imageId
1,b_image0007.png,testing/segmentations/b_image0007.png,0,50,1
2,b_image0009.png,testing/segmentations/b_image0009.png,0,50,2
3,image0016.png,testing/segmentations/image0016.png,0,50,3
4,image0017.png,testing/segmentations/image0017.png,0,50,4
5,0135cec4-7d1e-45e1-b24a-81e68d332c36.png,training/segmentations/0135cec4-7d1e-45e1-b24a-81e68d332c36.png,0,50,5
6,01c0b13c-84ff-4868-8b56-f20dbb86cf51.png,training/segmentations/01c0b13c-84ff-4868-8b56-f20dbb86cf51.png,0,50,6
7,01c939a8-b14b-40bf-8301-9ac55a1c192f.png,training/segmentations/01c939a8-b14b-40bf-8301-9ac55a1c192f.png,0,50,7
8,01cf6737-d191-4a38-9224-a8088c314bbe.png,training/segmentations/01cf6737-d191-4a38-9224-a8088c314bbe.png,0,50,8
9,039957e6-376a-4061-abeb-2f931efac4ca.png,training/segmentations/039957e6-376a-4061-abeb-2f931efac4ca.png,0,50,9
10,03cb2796-25bb-4492-9b15-dadb824ac127.png,training/segmentations/03cb2796-25bb-4492-9b15-dadb824ac127.png,0,50,10
11,050003b9-6c44-47e6-b9ed-c1a1d3ef197a.png,training/segmentations/050003b9-6c44-47e6-b9ed-c1a1d3ef197a.png,0,50,11
12,05599bc2-e3a5-4fe1-ac0b-0787bd6f52f2.png,training/segmentations/05599bc2-e3a5-4fe1-ac0b-0787bd6f52f2.png,0,50,12
13,0587d276-7670-4648-9e89-8f923e11910e.png,training/segmentations/0587d276-7670-4648-9e89-8f923e11910e.png,0,50,13
14,06311578-9147-44b6-b2f7-7f91c4fb325c.png,training/segmentations/06311578-9147-44b6-b2f7-7f91c4fb325c.png,0,50,14
15,0671fcbd-b9c8-4f98-a4b8-5f840e937aa0.png,training/segmentations/0671fcbd-b9c8-4f98-a4b8-5f840e937aa0.png,0,50,15
16,069fb0ab-5403-4dcc-a461-49b1f0a0c5dd.png,training/segmentations/069fb0ab-5403-4dcc-a461-49b1f0a0c5dd.png,0,50,16
17,06ed5b0c-e2cd-4ca3-8da3-0b9afae71688.png,training/segmentations/06ed5b0c-e2cd-4ca3-8da3-0b9afae71688.png,0,50,17
18,073510b5-c3bc-473e-8355-9367e5d8fca3.png,training/segmentations/073510b5-c3bc-473e-8355-9367e5d8fca3.png,0,50,18
19,07ee1078-9b92-43b4-a4e9-e962208135d6.png,training/segmentations/07ee1078-9b92-43b4-a4e9-e962208135d6.png,0,50,19
20,07f33d8a-e578-47f9-849f-898ce220c048.png,training/segmentations/07f33d8a-e578-47f9-849f-898ce220c048.png,0,50,20
21,0846331e-ca85-4d78-bac3-ba56551ab63b.png,training/segmentations/0846331e-ca85-4d78-bac3-ba56551ab63b.png,0,50,21
22,086b5ba9-1a2f-46dd-a82d-9744d94aacb3.png,training/segmentations/086b5ba9-1a2f-46dd-a82d-9744d94aacb3.png,0,50,22
23,08a0537c-9dba-41f3-9962-0d8cf950fa32.png,training/segmentations/08a0537c-9dba-41f3-9962-0d8cf950fa32.png,0,50,23
24,08e49b37-ffbe-49ac-9fc1-6f34444feae8.png,training/segmentations/08e49b37-ffbe-49ac-9fc1-6f34444feae8.png,0,50,24
25,092988a4-c6a7-47cb-ae14-b71b386c42bc.png,training/segmentations/092988a4-c6a7-47cb-ae14-b71b386c42bc.png,0,50,25
26,0a18dc1e-aec7-4916-8277-e740d20c4801.png,training/segmentations/0a18dc1e-aec7-4916-8277-e740d20c4801.png,0,50,26
27,0ab74149-12d9-4ee2-b532-dfd4c33286c0.png,training/segmentations/0ab74149-12d9-4ee2-b532-dfd4c33286c0.png,0,50,27
28,0b29c62c-992d-45ea-bb75-70bf58590744.png,training/segmentations/0b29c62c-992d-45ea-bb75-70bf58590744.png,0,50,28
29,0bfdeef7-b90c-48e2-8518-0b5111b8de03.png,training/segmentations/0bfdeef7-b90c-48e2-8518-0b5111b8de03.png,0,50,29
30,0c0649d3-cb0a-4570-b65e-7b019eed9fd9.png,training/segmentations/0c0649d3-cb0a-4570-b65e-7b019eed9fd9.png,0,50,30
31,0dccb09e-9252-458d-ae0b-5d5951d2f25a.png,training/segmentations/0dccb09e-9252-458d-ae0b-5d5951d2f25a.png,0,50,31
32,0deffaed-0071-4dda-807a-8059d2ad5af4.png,training/segmentations/0deffaed-0071-4dda-807a-8059d2ad5af4.png,0,50,32
33,0e7988d4-c23d-4c59-a7cd-16efa8e072ba.png,training/segmentations/0e7988d4-c23d-4c59-a7cd-16efa8e072ba.png,0,50,33
34,0ebff9f9-552f-488f-9b63-1da74438a7c0.png,training/segmentations/0ebff9f9-552f-488f-9b63-1da74438a7c0.png,0,50,34
35,0f36aeb5-7c88-4c61-bfc6-f9585f4b05a1.png,training/segmentations/0f36aeb5-7c88-4c61-bfc6-f9585f4b05a1.png,0,50,35
36,0ff413ad-e763-438e-b46b-439515d13452.png,training/segmentations/0ff413ad-e763-438e-b46b-439515d13452.png,0,50,36
37,10cb00cc-881e-4f7d-9e8e-60429da97e25.png,training/segmentations/10cb00cc-881e-4f7d-9e8e-60429da97e25.png,0,50,37
38,1188d1f7-3126-4ab0-acca-3b7ae78b9ef2.png,training/segmentations/1188d1f7-3126-4ab0-acca-3b7ae78b9ef2.png,0,50,38
39,13256ab5-fdda-497d-aa41-59fb526c2c55.png,training/segmentations/13256ab5-fdda-497d-aa41-59fb526c2c55.png,0,50,39
40,13560a49-c6b9-4701-b561-18e658af006f.png,training/segmentations/13560a49-c6b9-4701-b561-18e658af006f.png,0,50,40
41,145bd8e8-eee5-4d20-9c65-18f106d273b2.png,training/segmentations/145bd8e8-eee5-4d20-9c65-18f106d273b2.png,0,50,41
42,14a7de99-3838-4d62-9662-7383689a65d5.png,training/segmentations/14a7de99-3838-4d62-9662-7383689a65d5.png,0,50,42
43,150eaf35-a68b-47f6-8174-08ce3aad369d.png,training/segmentations/150eaf35-a68b-47f6-8174-08ce3aad369d.png,0,50,43
44,155f5859-2158-43d4-94f4-4d698b8476d7.png,training/segmentations/155f5859-2158-43d4-94f4-4d698b8476d7.png,0,50,44
45,15d61f38-4cdd-4847-95a7-9703396a0afd.png,training/segmentations/15d61f38-4cdd-4847-95a7-9703396a0afd.png,0,50,45
46,1620b782-5b6a-4f48-8d9c-6929b5960fcc.png,training/segmentations/1620b782-5b6a-4f48-8d9c-6929b5960fcc.png,0,50,46
47,1673181d-2759-4a4e-97a5-d32f3ea64851.png,training/segmentations/1673181d-2759-4a4e-97a5-d32f3ea64851.png,0,50,47
48,16b7e37d-7191-4b88-8962-ea200e016475.png,training/segmentations/16b7e37d-7191-4b88-8962-ea200e016475.png,0,50,48
49,172dc8f7-6f61-4648-8891-f5256ae56f80.png,training/segmentations/172dc8f7-6f61-4648-8891-f5256ae56f80.png,0,50,49
50,1749cfff-dd02-4742-bf08-b5026f7670a6.png,training/segmentations/1749cfff-dd02-4742-bf08-b5026f7670a6.png,0,50,50
51,17a00de0-6e65-4089-beb1-4f835602e431.png,training/segmentations/17a00de0-6e65-4089-beb1-4f835602e431.png,0,50,51
52,18d2c7f7-154b-47e9-b4e6-e7d2cbb55fd0.png,training/segmentations/18d2c7f7-154b-47e9-b4e6-e7d2cbb55fd0.png,0,50,52
53,1939fe30-b9e2-48aa-ae42-5cdade3e837a.png,training/segmentations/1939fe30-b9e2-48aa-ae42-5cdade3e837a.png,0,50,53
54,19b5a889-46cd-4e7b-9976-82e48282e005.png,training/segmentations/19b5a889-46cd-4e7b-9976-82e48282e005.png,0,50,54
55,1a35ad55-8d21-469b-88bd-24f1e0a99130.png,training/segmentations/1a35ad55-8d21-469b-88bd-24f1e0a99130.png,0,50,55
56,1a451c10-0e17-4f9d-b218-327296cbedd3.png,training/segmentations/1a451c10-0e17-4f9d-b218-327296cbedd3.png,0,50,56
57,1be2abfa-216d-40bc-9229-4822414b573f.png,training/segmentations/1be2abfa-216d-40bc-9229-4822414b573f.png,0,50,57
58,1caa8fb0-f59d-4b56-b43f-a2f5b762db49.png,training/segmentations/1caa8fb0-f59d-4b56-b43f-a2f5b762db49.png,0,50,58
59,1cbba1ac-847a-4749-a997-78e4ecb1d92a.png,training/segmentations/1cbba1ac-847a-4749-a997-78e4ecb1d92a.png,0,50,59
60,1d74bf04-2fa4-409f-9cb7-1695af511eb6.png,training/segmentations/1d74bf04-2fa4-409f-9cb7-1695af511eb6.png,0,50,60
61,1d7c8d1b-6919-4698-83b0-2a29f20edf96.png,training/segmentations/1d7c8d1b-6919-4698-83b0-2a29f20edf96.png,0,50,61
62,1d7d2c86-e71f-4097-a188-a4722bf56881.png,training/segmentations/1d7d2c86-e71f-4097-a188-a4722bf56881.png,0,50,62
63,1e7b62f2-fce2-40b4-af18-0b102bd253f4.png,training/segmentations/1e7b62f2-fce2-40b4-af18-0b102bd253f4.png,0,50,63
64,1edbe7eb-ad0f-4af1-abd8-1db0573b43ee.png,training/segmentations/1edbe7eb-ad0f-4af1-abd8-1db0573b43ee.png,0,50,64
65,1ee0ca61-3b91-4d1e-a1df-8cc9842b252c.png,training/segmentations/1ee0ca61-3b91-4d1e-a1df-8cc9842b252c.png,0,50,65
66,1f8cc64e-5836-4d8e-873d-adfe09a34cd4.png,training/segmentations/1f8cc64e-5836-4d8e-873d-adfe09a34cd4.png,0,50,66
67,1facefee-4b08-4e04-988d-f6624959e3d0.png,training/segmentations/1facefee-4b08-4e04-988d-f6624959e3d0.png,0,50,67
68,2031139f-e4e2-4e75-ba30-fa3888512e6d.png,training/segmentations/2031139f-e4e2-4e75-ba30-fa3888512e6d.png,0,50,68
69,2058b69c-539c-4017-ba17-af8b755d1902.png,training/segmentations/2058b69c-539c-4017-ba17-af8b755d1902.png,0,50,69
70,2142794d-8cb8-46cd-b09a-b45a2bd79ffd.png,training/segmentations/2142794d-8cb8-46cd-b09a-b45a2bd79ffd.png,0,50,70
71,223292c9-51d5-4df2-a927-471fe6ebb488.png,training/segmentations/223292c9-51d5-4df2-a927-471fe6ebb488.png,0,50,71
72,226e8609-9a97-4114-9903-e2256888f82c.png,training/segmentations/226e8609-9a97-4114-9903-e2256888f82c.png,0,50,72
73,229aa531-d82f-4669-8570-e201683d403f.png,training/segmentations/229aa531-d82f-4669-8570-e201683d403f.png,0,50,73
74,22a3402b-88cb-4b11-81b8-2917c3c47da6.png,training/segmentations/22a3402b-88cb-4b11-81b8-2917c3c47da6.png,0,50,74
75,2362645d-68b9-4d0c-a274-a6549280028d.png,training/segmentations/2362645d-68b9-4d0c-a274-a6549280028d.png,0,50,75
76,23d69a76-5045-4c11-a33e-985f4432fc0b.png,training/segmentations/23d69a76-5045-4c11-a33e-985f4432fc0b.png,0,50,76
77,23d7154e-09c6-409a-9151-f5580995cb35.png,training/segmentations/23d7154e-09c6-409a-9151-f5580995cb35.png,0,50,77
78,23e96f34-8190-4f98-ae45-5a0b5c7380ea.png,training/segmentations/23e96f34-8190-4f98-ae45-5a0b5c7380ea.png,0,50,78
79,23ffbc1a-6cf0-4e12-abe3-90dcf103960e.png,training/segmentations/23ffbc1a-6cf0-4e12-abe3-90dcf103960e.png,0,50,79
80,243b0ecb-d3d2-484e-a216-34bcdc35fcd3.png,training/segmentations/243b0ecb-d3d2-484e-a216-34bcdc35fcd3.png,0,50,80
81,2553070e-ac54-4005-a6a7-f8f71a548483.png,training/segmentations/2553070e-ac54-4005-a6a7-f8f71a548483.png,0,50,81
82,259d4995-04c0-4a83-bdcb-30f84fb0de4c.png,training/segmentations/259d4995-04c0-4a83-bdcb-30f84fb0de4c.png,0,50,82
83,25b0b4fb-8c6b-46df-a3af-a54fccd433f1.png,training/segmentations/25b0b4fb-8c6b-46df-a3af-a54fccd433f1.png,0,50,83
84,27719ee5-31a1-4abd-a10b-a62e69e71999.png,training/segmentations/27719ee5-31a1-4abd-a10b-a62e69e71999.png,0,50,84
85,27ea8fcd-2009-4077-bbcf-e0da39a4f031.png,training/segmentations/27ea8fcd-2009-4077-bbcf-e0da39a4f031.png,0,50,85
86,28288308-a096-4645-adc8-acfb96a5c9fc.png,training/segmentations/28288308-a096-4645-adc8-acfb96a5c9fc.png,0,50,86
87,284dcf14-aada-4d9c-9263-86cc24c113c7.png,training/segmentations/284dcf14-aada-4d9c-9263-86cc24c113c7.png,0,50,87
88,29520929-6e81-4a6e-ba20-c0d99e433315.png,training/segmentations/29520929-6e81-4a6e-ba20-c0d99e433315.png,0,50,88
89,299a1632-c213-4a86-8871-a2e08f20e347.png,training/segmentations/299a1632-c213-4a86-8871-a2e08f20e347.png,0,50,89
90,2a2ca83d-7a69-4613-90cd-eea32aa9de99.png,training/segmentations/2a2ca83d-7a69-4613-90cd-eea32aa9de99.png,0,50,90
91,2b08e2f5-b794-4cb9-aabf-afdb38ac09ee.png,training/segmentations/2b08e2f5-b794-4cb9-aabf-afdb38ac09ee.png,0,50,91
92,2ba33724-9a55-4726-a45f-a961e7909250.png,training/segmentations/2ba33724-9a55-4726-a45f-a961e7909250.png,0,50,92
93,2c29756b-906a-4ec5-a042-4fa90239442e.png,training/segmentations/2c29756b-906a-4ec5-a042-4fa90239442e.png,0,50,93
94,2c8e9a1c-988d-466a-ac37-552b67197af7.png,training/segmentations/2c8e9a1c-988d-466a-ac37-552b67197af7.png,0,50,94
95,2cc971f6-e0c2-418f-b767-3d4a0eb37e95.png,training/segmentations/2cc971f6-e0c2-418f-b767-3d4a0eb37e95.png,0,50,95
96,320e5e40-5c3d-4187-8788-da4b20ecff84.png,training/segmentations/320e5e40-5c3d-4187-8788-da4b20ecff84.png,0,50,96
97,327f4576-31dc-446e-b1c1-9d17d7b61c67.png,training/segmentations/327f4576-31dc-446e-b1c1-9d17d7b61c67.png,0,50,97
98,32c3f443-cbe3-4c78-9a3f-70e112fffc4f.png,training/segmentations/32c3f443-cbe3-4c78-9a3f-70e112fffc4f.png,0,50,98
99,32d6475c-11b5-4f84-9584-9c5ea928ced6.png,training/segmentations/32d6475c-11b5-4f84-9584-9c5ea928ced6.png,0,50,99
100,33df138e-aaeb-497a-a6ba-cd41980cc6a0.png,training/segmentations/33df138e-aaeb-497a-a6ba-cd41980cc6a0.png,0,50,100
101,3479baa2-8bd0-4271-9505-c4caaf362542.png,training/segmentations/3479baa2-8bd0-4271-9505-c4caaf362542.png,0,50,101
102,350766aa-58c2-4288-9fe5-37d360681296.png,training/segmentations/350766aa-58c2-4288-9fe5-37d360681296.png,0,50,102
103,354637d9-fb1c-4ec6-aae4-6b1fbc90979b.png,training/segmentations/354637d9-fb1c-4ec6-aae4-6b1fbc90979b.png,0,50,103
104,35823f35-2783-4bde-b809-737b0c3e45e5.png,training/segmentations/35823f35-2783-4bde-b809-737b0c3e45e5.png,0,50,104
105,35ba2f09-c41d-46b8-828f-e96b885ca58c.png,training/segmentations/35ba2f09-c41d-46b8-828f-e96b885ca58c.png,0,50,105
106,36588391-fb43-494c-81c5-13c0d5859022.png,training/segmentations/36588391-fb43-494c-81c5-13c0d5859022.png,0,50,106
107,369c8545-f937-400f-b4ca-bef79de3ef06.png,training/segmentations/369c8545-f937-400f-b4ca-bef79de3ef06.png,0,50,107
108,370d49cd-7e03-4f38-bcc4-979fa8d27b56.png,training/segmentations/370d49cd-7e03-4f38-bcc4-979fa8d27b56.png,0,50,108
109,38396680-0b12-4e60-8936-a8ca69f19cd6.png,training/segmentations/38396680-0b12-4e60-8936-a8ca69f19cd6.png,0,50,109
110,38a31fdb-67d6-4ec1-be52-ce4f56fcae7c.png,training/segmentations/38a31fdb-67d6-4ec1-be52-ce4f56fcae7c.png,0,50,110
111,39a873b1-0e16-4b6a-9312-d2453da01877.png,training/segmentations/39a873b1-0e16-4b6a-9312-d2453da01877.png,0,50,111
112,3a087b2c-205e-4831-ac99-a954015b5672.png,training/segmentations/3a087b2c-205e-4831-ac99-a954015b5672.png,0,50,112
113,3a3ecb74-44a7-4765-a123-e92da571cfb8.png,training/segmentations/3a3ecb74-44a7-4765-a123-e92da571cfb8.png,0,50,113
114,3b594a60-98e2-4900-9497-cd076501d5d2.png,training/segmentations/3b594a60-98e2-4900-9497-cd076501d5d2.png,0,50,114
115,3ba714af-985a-46d6-93e2-988bcd344900.png,training/segmentations/3ba714af-985a-46d6-93e2-988bcd344900.png,0,50,115
116,3be7b1dd-f996-4f68-9214-9e1067a42c53.png,training/segmentations/3be7b1dd-f996-4f68-9214-9e1067a42c53.png,0,50,116
117,3c122c1c-8d3e-4022-9b3e-1db3cdfef3d6.png,training/segmentations/3c122c1c-8d3e-4022-9b3e-1db3cdfef3d6.png,0,50,117
118,3c37783c-1a4a-4e4a-9c4c-ec3e8285a8a3.png,training/segmentations/3c37783c-1a4a-4e4a-9c4c-ec3e8285a8a3.png,0,50,118
119,3c89505f-89f3-4788-b283-3aa89effaf48.png,training/segmentations/3c89505f-89f3-4788-b283-3aa89effaf48.png,0,50,119
120,3cbbbd83-28b3-46a1-bc1d-e39a46bb8557.png,training/segmentations/3cbbbd83-28b3-46a1-bc1d-e39a46bb8557.png,0,50,120
121,3cd20b3c-65a7-40e5-b7bc-eb078f513334.png,training/segmentations/3cd20b3c-65a7-40e5-b7bc-eb078f513334.png,0,50,121
122,3d626c9d-dacb-4565-bf93-8c149e3de6d6.png,training/segmentations/3d626c9d-dacb-4565-bf93-8c149e3de6d6.png,0,50,122
123,3e8d9756-473d-438b-8b0b-3766b97f67a9.png,training/segmentations/3e8d9756-473d-438b-8b0b-3766b97f67a9.png,0,50,123
124,3ee57f71-f161-4b4b-86d1-2ec2f252fb8e.png,training/segmentations/3ee57f71-f161-4b4b-86d1-2ec2f252fb8e.png,0,50,124
125,3ef4a942-8f15-4fe6-8a28-ff150dccc1a7.png,training/segmentations/3ef4a942-8f15-4fe6-8a28-ff150dccc1a7.png,0,50,125
126,3f7a6db8-ac69-452b-8495-fdd101c408db.png,training/segmentations/3f7a6db8-ac69-452b-8495-fdd101c408db.png,0,50,126
127,402590b6-f6cf-4ae3-91b5-88f6f1cadfc2.png,training/segmentations/402590b6-f6cf-4ae3-91b5-88f6f1cadfc2.png,0,50,127
128,40372267-4dfa-4b12-8866-240b59bec477.png,training/segmentations/40372267-4dfa-4b12-8866-240b59bec477.png,0,50,128
129,41809fee-282a-4e64-98a9-24110c6cc51d.png,training/segmentations/41809fee-282a-4e64-98a9-24110c6cc51d.png,0,50,129
130,42de5f68-b336-490c-b335-a5109885bc38.png,training/segmentations/42de5f68-b336-490c-b335-a5109885bc38.png,0,50,130
131,438311f2-09ea-4467-8032-d0d5a4742067.png,training/segmentations/438311f2-09ea-4467-8032-d0d5a4742067.png,0,50,131
132,43b30517-91b8-4fdf-afd9-327f741ef7fb.png,training/segmentations/43b30517-91b8-4fdf-afd9-327f741ef7fb.png,0,50,132
133,441fd700-164e-4cef-b9e4-9d69ff94e137.png,training/segmentations/441fd700-164e-4cef-b9e4-9d69ff94e137.png,0,50,133
134,44534370-fa89-494c-9ae4-6730068fb6b4.png,training/segmentations/44534370-fa89-494c-9ae4-6730068fb6b4.png,0,50,134
135,451aafe6-0b1d-4f5b-8f07-4d2d56c4027f.png,training/segmentations/451aafe6-0b1d-4f5b-8f07-4d2d56c4027f.png,0,50,135
136,45203209-b56c-4c9a-85d6-4e42bce672d0.png,training/segmentations/45203209-b56c-4c9a-85d6-4e42bce672d0.png,0,50,136
137,45f0f5b9-94de-4942-a459-7668ac0e6c94.png,training/segmentations/45f0f5b9-94de-4942-a459-7668ac0e6c94.png,0,50,137
138,46037989-4a43-4727-b371-fc781039ac12.png,training/segmentations/46037989-4a43-4727-b371-fc781039ac12.png,0,50,138
139,46dc8ac5-0cf1-432b-aa6c-13e54e0ffa4c.png,training/segmentations/46dc8ac5-0cf1-432b-aa6c-13e54e0ffa4c.png,0,50,139
140,47010e5d-d017-4c85-9a72-6a13a7aaaa9c.png,training/segmentations/47010e5d-d017-4c85-9a72-6a13a7aaaa9c.png,0,50,140
141,47223bfb-a653-458e-8900-d4464ab93781.png,training/segmentations/47223bfb-a653-458e-8900-d4464ab93781.png,0,50,141
142,473ff40f-84c2-4dd1-8027-e35c822f51f2.png,training/segmentations/473ff40f-84c2-4dd1-8027-e35c822f51f2.png,0,50,142
143,47a7db2f-4acb-415e-8f3c-69a5190c71aa.png,training/segmentations/47a7db2f-4acb-415e-8f3c-69a5190c71aa.png,0,50,143
144,48f101a9-a2f6-48d3-96e1-8f03e3cd976c.png,training/segmentations/48f101a9-a2f6-48d3-96e1-8f03e3cd976c.png,0,50,144
145,4921e2a7-bf3e-427f-8491-64e1a867ef19.png,training/segmentations/4921e2a7-bf3e-427f-8491-64e1a867ef19.png,0,50,145
146,4955a33c-f239-4d50-816f-9b7ed9e553b0.png,training/segmentations/4955a33c-f239-4d50-816f-9b7ed9e553b0.png,0,50,146
147,499c5926-49ca-4461-a1e0-796a81f48e01.png,training/segmentations/499c5926-49ca-4461-a1e0-796a81f48e01.png,0,50,147
148,49cc0596-ca1b-47b8-ac5a-55ee0407aac0.png,training/segmentations/49cc0596-ca1b-47b8-ac5a-55ee0407aac0.png,0,50,148
149,4a865f01-3366-4628-a894-3cdd425617cc.png,training/segmentations/4a865f01-3366-4628-a894-3cdd425617cc.png,0,50,149
150,4a86989b-0381-4d46-bcc2-b2efb9d28b35.png,training/segmentations/4a86989b-0381-4d46-bcc2-b2efb9d28b35.png,0,50,150
151,4ac66665-751c-4628-80db-1db0358df2b2.png,training/segmentations/4ac66665-751c-4628-80db-1db0358df2b2.png,0,50,151
152,4bbd748a-08cd-4dde-ad1b-b8a684c1cf9e.png,training/segmentations/4bbd748a-08cd-4dde-ad1b-b8a684c1cf9e.png,0,50,152
153,4c33d1d8-91a5-419c-9ffb-2e789cee1b12.png,training/segmentations/4c33d1d8-91a5-419c-9ffb-2e789cee1b12.png,0,50,153
154,4cba0823-c195-440a-b4bf-b83a4b1b8a77.png,training/segmentations/4cba0823-c195-440a-b4bf-b83a4b1b8a77.png,0,50,154
155,4cd3a5d7-d323-4891-8975-6b6936b2f634.png,training/segmentations/4cd3a5d7-d323-4891-8975-6b6936b2f634.png,0,50,155
156,4d725a1c-cd96-4e20-9ae8-607b4f596225.png,training/segmentations/4d725a1c-cd96-4e20-9ae8-607b4f596225.png,0,50,156
157,4edce986-8127-48ae-a9a0-2146f1d04df6.png,training/segmentations/4edce986-8127-48ae-a9a0-2146f1d04df6.png,0,50,157
158,4f967bdb-cac9-4f0b-9742-e9f8feafbab7.png,training/segmentations/4f967bdb-cac9-4f0b-9742-e9f8feafbab7.png,0,50,158
159,507dce70-e511-41bc-8878-b7879c0d7c60.png,training/segmentations/507dce70-e511-41bc-8878-b7879c0d7c60.png,0,50,159
160,50cbe53d-2c34-4297-a64b-0ec33982aee5.png,training/segmentations/50cbe53d-2c34-4297-a64b-0ec33982aee5.png,0,50,160
161,525894fb-ceb8-4793-9fb8-ad46ecb86c85.png,training/segmentations/525894fb-ceb8-4793-9fb8-ad46ecb86c85.png,0,50,161
162,530ec4a9-d853-47cb-bd80-1ca26ab4228d.png,training/segmentations/530ec4a9-d853-47cb-bd80-1ca26ab4228d.png,0,50,162
163,54e12a74-2732-4832-8595-98c3b090422f.png,training/segmentations/54e12a74-2732-4832-8595-98c3b090422f.png,0,50,163
164,5588f97e-6ed3-488b-9145-e83261ea6924.png,training/segmentations/5588f97e-6ed3-488b-9145-e83261ea6924.png,0,50,164
165,560898b7-c3ee-4b3c-a998-23cf6dcd953a.png,training/segmentations/560898b7-c3ee-4b3c-a998-23cf6dcd953a.png,0,50,165
166,5669bea6-1afb-429e-90c0-bb0293cc56a8.png,training/segmentations/5669bea6-1afb-429e-90c0-bb0293cc56a8.png,0,50,166
167,57dabcba-8e58-4bf1-b8fe-f5b4ee0e4788.png,training/segmentations/57dabcba-8e58-4bf1-b8fe-f5b4ee0e4788.png,0,50,167
168,580748d4-aefc-4015-b824-1f92da6a75ca.png,training/segmentations/580748d4-aefc-4015-b824-1f92da6a75ca.png,0,50,168
169,58a6402a-c0f7-4ce9-8679-165e1cbced12.png,training/segmentations/58a6402a-c0f7-4ce9-8679-165e1cbced12.png,0,50,169
170,59169060-9ba2-40da-b6eb-3b3f4911eb82.png,training/segmentations/59169060-9ba2-40da-b6eb-3b3f4911eb82.png,0,50,170
171,5971d005-ac81-4b6c-9c00-641d9e5888f2.png,training/segmentations/5971d005-ac81-4b6c-9c00-641d9e5888f2.png,0,50,171
172,5990f395-e00a-46aa-8baa-1809e0b33888.png,training/segmentations/5990f395-e00a-46aa-8baa-1809e0b33888.png,0,50,172
173,5a275ade-4aa5-4136-9dfb-7a050c57906d.png,training/segmentations/5a275ade-4aa5-4136-9dfb-7a050c57906d.png,0,50,173
174,5a5fd6a5-090c-4b3d-b645-b5298a183f57.png,training/segmentations/5a5fd6a5-090c-4b3d-b645-b5298a183f57.png,0,50,174
175,5bcac51a-a233-4037-ac7d-0bd9ae2dff55.png,training/segmentations/5bcac51a-a233-4037-ac7d-0bd9ae2dff55.png,0,50,175
176,5c693ee6-49c0-4a12-8fce-ab6af1efd4be.png,training/segmentations/5c693ee6-49c0-4a12-8fce-ab6af1efd4be.png,0,50,176
177,5c7fa8c3-081d-4271-9b9b-27cf4e5741ff.png,training/segmentations/5c7fa8c3-081d-4271-9b9b-27cf4e5741ff.png,0,50,177
178,5db4e655-b14d-4888-b081-22f3014672a1.png,training/segmentations/5db4e655-b14d-4888-b081-22f3014672a1.png,0,50,178
179,5e14d3d7-7f3d-4c3c-9d0d-524cb896d146.png,training/segmentations/5e14d3d7-7f3d-4c3c-9d0d-524cb896d146.png,0,50,179
180,5e462889-eb4b-4de8-80c8-07d891017896.png,training/segmentations/5e462889-eb4b-4de8-80c8-07d891017896.png,0,50,180
181,5ee12b18-3178-4db5-aefe-496ae03fe56d.png,training/segmentations/5ee12b18-3178-4db5-aefe-496ae03fe56d.png,0,50,181
182,5f2c02ce-129e-43ac-b9d0-5aa12ca8ee1c.png,training/segmentations/5f2c02ce-129e-43ac-b9d0-5aa12ca8ee1c.png,0,50,182
183,5fd09ba8-25c7-46e4-9888-99f6afc62caf.png,training/segmentations/5fd09ba8-25c7-46e4-9888-99f6afc62caf.png,0,50,183
184,6051ce75-9604-4819-8a46-d31b3a1a3b5d.png,training/segmentations/6051ce75-9604-4819-8a46-d31b3a1a3b5d.png,0,50,184
185,6165cf4a-8763-4a40-8d56-fbeb7e8710e5.png,training/segmentations/6165cf4a-8763-4a40-8d56-fbeb7e8710e5.png,0,50,185
186,618f70df-3b04-460e-a578-c541d8a6b519.png,training/segmentations/618f70df-3b04-460e-a578-c541d8a6b519.png,0,50,186
187,61c3b238-6776-4fd3-9902-8efaec0ad5d7.png,training/segmentations/61c3b238-6776-4fd3-9902-8efaec0ad5d7.png,0,50,187
188,61e58735-beee-4283-bf93-4b890cd7ca66.png,training/segmentations/61e58735-beee-4283-bf93-4b890cd7ca66.png,0,50,188
189,620874bd-4cd2-4711-984e-d183f949de40.png,training/segmentations/620874bd-4cd2-4711-984e-d183f949de40.png,0,50,189
190,627ff42b-a93f-476f-8883-c0865cb4fcd1.png,training/segmentations/627ff42b-a93f-476f-8883-c0865cb4fcd1.png,0,50,190
191,630d472a-fc9a-4c86-805b-36040abeda17.png,training/segmentations/630d472a-fc9a-4c86-805b-36040abeda17.png,0,50,191
192,6336b57b-2c6f-4377-8ce3-ba6e6090008b.png,training/segmentations/6336b57b-2c6f-4377-8ce3-ba6e6090008b.png,0,50,192
193,636f3040-e24b-4064-9317-5b3c5c712977.png,training/segmentations/636f3040-e24b-4064-9317-5b3c5c712977.png,0,50,193
194,644dff35-3f71-4217-8acd-c803f4eaffa0.png,training/segmentations/644dff35-3f71-4217-8acd-c803f4eaffa0.png,0,50,194
195,65197fe6-2d5f-4b80-9676-aa5b7fab4c24.png,training/segmentations/65197fe6-2d5f-4b80-9676-aa5b7fab4c24.png,0,50,195
196,65f4ed96-fc36-471c-9478-61ab812b1e92.png,training/segmentations/65f4ed96-fc36-471c-9478-61ab812b1e92.png,0,50,196
197,66ec3d32-e5ca-4a76-9db5-4389e8bfeaba.png,training/segmentations/66ec3d32-e5ca-4a76-9db5-4389e8bfeaba.png,0,50,197
198,6703d04e-020d-428e-a992-bef46457a5b3.png,training/segmentations/6703d04e-020d-428e-a992-bef46457a5b3.png,0,50,198
199,671cf48f-f3c1-4577-9a90-4835c4051592.png,training/segmentations/671cf48f-f3c1-4577-9a90-4835c4051592.png,0,50,199
200,67f84cf1-e386-46a9-a507-5fb573b4958b.png,training/segmentations/67f84cf1-e386-46a9-a507-5fb573b4958b.png,0,50,200
201,6931dd54-5db4-4e89-aac7-640d6fca12ac.png,training/segmentations/6931dd54-5db4-4e89-aac7-640d6fca12ac.png,0,50,201
202,69bf07c3-20b2-4c41-aa4b-de7ac896d5b0.png,training/segmentations/69bf07c3-20b2-4c41-aa4b-de7ac896d5b0.png,0,50,202
203,6a63620d-2575-4dff-9986-63637e963d89.png,training/segmentations/6a63620d-2575-4dff-9986-63637e963d89.png,0,50,203
204,6b7b64ee-7b14-4283-8aa3-b603efa0df8f.png,training/segmentations/6b7b64ee-7b14-4283-8aa3-b603efa0df8f.png,0,50,204
205,6bf689fe-e266-4277-9ebc-05ceb1e148d6.png,training/segmentations/6bf689fe-e266-4277-9ebc-05ceb1e148d6.png,0,50,205
206,6c1b87c2-8dba-4851-9044-534fd75a47c7.png,training/segmentations/6c1b87c2-8dba-4851-9044-534fd75a47c7.png,0,50,206
207,6c6bef0a-59ba-4b59-a2a4-59f6ec22ab59.png,training/segmentations/6c6bef0a-59ba-4b59-a2a4-59f6ec22ab59.png,0,50,207
208,6cae3786-008d-4807-a591-e42c92dd33f9.png,training/segmentations/6cae3786-008d-4807-a591-e42c92dd33f9.png,0,50,208
209,6cbad3b9-496c-4fc4-a68d-18ffb8a3cbf4.png,training/segmentations/6cbad3b9-496c-4fc4-a68d-18ffb8a3cbf4.png,0,50,209
210,6cc878be-482b-4555-ac07-cad235e63c8f.png,training/segmentations/6cc878be-482b-4555-ac07-cad235e63c8f.png,0,50,210
211,6da86648-80fb-43ae-a480-a00fd78638c6.png,training/segmentations/6da86648-80fb-43ae-a480-a00fd78638c6.png,0,50,211
212,6e3c9bde-43ff-4e79-9c4b-b9bdad4cec61.png,training/segmentations/6e3c9bde-43ff-4e79-9c4b-b9bdad4cec61.png,0,50,212
213,6e8e365c-d7f8-46e6-88c5-9b6573d2f8cb.png,training/segmentations/6e8e365c-d7f8-46e6-88c5-9b6573d2f8cb.png,0,50,213
214,6ed2d54f-0091-4ff2-a55a-ba9cb1529115.png,training/segmentations/6ed2d54f-0091-4ff2-a55a-ba9cb1529115.png,0,50,214
215,6eec7b49-43ff-4496-a31a-e3640037a76e.png,training/segmentations/6eec7b49-43ff-4496-a31a-e3640037a76e.png,0,50,215
216,6ef0a608-e644-457f-ad0b-118113b886df.png,training/segmentations/6ef0a608-e644-457f-ad0b-118113b886df.png,0,50,216
217,6fcc8dcd-586e-4aa0-b61f-2800b8d54808.png,training/segmentations/6fcc8dcd-586e-4aa0-b61f-2800b8d54808.png,0,50,217
218,7000d753-53f9-4b28-8069-4fa6266283e1.png,training/segmentations/7000d753-53f9-4b28-8069-4fa6266283e1.png,0,50,218
219,70163adc-3f47-4a58-bc04-e453824ebb13.png,training/segmentations/70163adc-3f47-4a58-bc04-e453824ebb13.png,0,50,219
220,70b93b93-9a1c-4fa0-81c1-6895b104d8f6.png,training/segmentations/70b93b93-9a1c-4fa0-81c1-6895b104d8f6.png,0,50,220
221,70ec3ed6-8d01-4d64-8aec-8f526fa305c4.png,training/segmentations/70ec3ed6-8d01-4d64-8aec-8f526fa305c4.png,0,50,221
222,7152d610-ab51-48a7-b6c1-2fc27f939c50.png,training/segmentations/7152d610-ab51-48a7-b6c1-2fc27f939c50.png,0,50,222
223,72210350-720a-4e26-bd64-f240ebd5ba3b.png,training/segmentations/72210350-720a-4e26-bd64-f240ebd5ba3b.png,0,50,223
224,72d31a32-37f4-4f73-8116-819f2b5beb42.png,training/segmentations/72d31a32-37f4-4f73-8116-819f2b5beb42.png,0,50,224
225,738600e1-c9c5-4159-8171-c085db09ae50.png,training/segmentations/738600e1-c9c5-4159-8171-c085db09ae50.png,0,50,225
226,740b31c1-3761-43c6-bc4b-0c63b0447540.png,training/segmentations/740b31c1-3761-43c6-bc4b-0c63b0447540.png,0,50,226
227,7422222a-5a87-499c-ba88-7ca814aa1d55.png,training/segmentations/7422222a-5a87-499c-ba88-7ca814aa1d55.png,0,50,227
228,74c8af5c-6ed6-49fa-b0d3-5abc577bc6ab.png,training/segmentations/74c8af5c-6ed6-49fa-b0d3-5abc577bc6ab.png,0,50,228
229,74e0889e-ff6a-4906-a17b-406a2c2da487.png,training/segmentations/74e0889e-ff6a-4906-a17b-406a2c2da487.png,0,50,229
230,76c32de3-80c2-49a3-aeb3-1a8d243f2c43.png,training/segmentations/76c32de3-80c2-49a3-aeb3-1a8d243f2c43.png,0,50,230
231,7735cba0-2929-415c-b823-06248350c410.png,training/segmentations/7735cba0-2929-415c-b823-06248350c410.png,0,50,231
232,775164cc-e862-45b7-a7bb-1fb3ffd303ce.png,training/segmentations/775164cc-e862-45b7-a7bb-1fb3ffd303ce.png,0,50,232
233,78395232-ffa6-468d-937c-43af684acf4a.png,training/segmentations/78395232-ffa6-468d-937c-43af684acf4a.png,0,50,233
234,785cbfad-e1ed-4048-80f8-aa8364af91e0.png,training/segmentations/785cbfad-e1ed-4048-80f8-aa8364af91e0.png,0,50,234
235,7883005e-6ee8-4983-8783-4ddd8aaf2373.png,training/segmentations/7883005e-6ee8-4983-8783-4ddd8aaf2373.png,0,50,235
236,78be3d00-da0a-401e-b815-4bb9bcd26077.png,training/segmentations/78be3d00-da0a-401e-b815-4bb9bcd26077.png,0,50,236
237,791d4644-de0e-435d-b986-df2e0f271208.png,training/segmentations/791d4644-de0e-435d-b986-df2e0f271208.png,0,50,237
238,798820ef-3536-41a7-baaf-3b3dd5275195.png,training/segmentations/798820ef-3536-41a7-baaf-3b3dd5275195.png,0,50,238
239,79b5acb4-ab4c-4213-b9e9-a99db8946b69.png,training/segmentations/79b5acb4-ab4c-4213-b9e9-a99db8946b69.png,0,50,239
240,79f80a4d-84a3-4e8f-a310-f7f7ecc4c36f.png,training/segmentations/79f80a4d-84a3-4e8f-a310-f7f7ecc4c36f.png,0,50,240
241,7a47916c-a990-42fe-b09c-bc34a6c8ec31.png,training/segmentations/7a47916c-a990-42fe-b09c-bc34a6c8ec31.png,0,50,241
242,7a4c158c-7e27-4ea1-9618-ef08e64ecc1b.png,training/segmentations/7a4c158c-7e27-4ea1-9618-ef08e64ecc1b.png,0,50,242
243,7b67d12b-f952-44c7-99d4-662310b667b6.png,training/segmentations/7b67d12b-f952-44c7-99d4-662310b667b6.png,0,50,243
244,7ba9d04f-b821-4552-a4c7-532a5c3fa4fb.png,training/segmentations/7ba9d04f-b821-4552-a4c7-532a5c3fa4fb.png,0,50,244
245,7bc08323-135a-4d0b-9878-cc2fc6a59d2b.png,training/segmentations/7bc08323-135a-4d0b-9878-cc2fc6a59d2b.png,0,50,245
246,7be9d769-5b1d-473b-a551-345ede95e8d7.png,training/segmentations/7be9d769-5b1d-473b-a551-345ede95e8d7.png,0,50,246
247,7c364059-cbce-487e-b712-2da3b13a048f.png,training/segmentations/7c364059-cbce-487e-b712-2da3b13a048f.png,0,50,247
248,7c52fc8b-13f2-4df1-9af9-b8aa16fe5e8b.png,training/segmentations/7c52fc8b-13f2-4df1-9af9-b8aa16fe5e8b.png,0,50,248
249,7ceb494b-bea3-4e9b-a704-140edbee99c9.png,training/segmentations/7ceb494b-bea3-4e9b-a704-140edbee99c9.png,0,50,249
250,7d4dcf81-4fdf-404e-bd8b-7fb5bdae4b18.png,training/segmentations/7d4dcf81-4fdf-404e-bd8b-7fb5bdae4b18.png,0,50,250
251,7da735ce-ce35-4d47-b8cc-7884d401eb2e.png,training/segmentations/7da735ce-ce35-4d47-b8cc-7884d401eb2e.png,0,50,251
252,7dfb298e-f1e6-4af5-8db7-82c4d9b36340.png,training/segmentations/7dfb298e-f1e6-4af5-8db7-82c4d9b36340.png,0,50,252
253,7fc2e11b-bc7f-451d-928f-7553ea6ac16e.png,training/segmentations/7fc2e11b-bc7f-451d-928f-7553ea6ac16e.png,0,50,253
254,805ff32c-25b2-44f4-8999-afea75fe835e.png,training/segmentations/805ff32c-25b2-44f4-8999-afea75fe835e.png,0,50,254
255,80c45d69-dba6-4c2a-9a9d-c039d67e945e.png,training/segmentations/80c45d69-dba6-4c2a-9a9d-c039d67e945e.png,0,50,255
256,8127271b-1f4b-479d-a9e5-ae7c60720e09.png,training/segmentations/8127271b-1f4b-479d-a9e5-ae7c60720e09.png,0,50,256
257,81368fb7-5047-4d45-a031-cb29f2a3b123.png,training/segmentations/81368fb7-5047-4d45-a031-cb29f2a3b123.png,0,50,257
258,815227f1-b768-4b4b-ba98-6f20497fb092.png,training/segmentations/815227f1-b768-4b4b-ba98-6f20497fb092.png,0,50,258
259,816461ad-ce57-4a34-83ae-42e09debdddf.png,training/segmentations/816461ad-ce57-4a34-83ae-42e09debdddf.png,0,50,259
260,821f4b4a-8bc8-4314-b335-60c7acdc8017.png,training/segmentations/821f4b4a-8bc8-4314-b335-60c7acdc8017.png,0,50,260
261,82c617b2-5d02-453f-9950-de78cb310d3a.png,training/segmentations/82c617b2-5d02-453f-9950-de78cb310d3a.png,0,50,261
262,8333decb-449e-45c3-8fc5-9eb58d994fc3.png,training/segmentations/8333decb-449e-45c3-8fc5-9eb58d994fc3.png,0,50,262
263,83459029-8e88-4492-a879-2cb37da34b48.png,training/segmentations/83459029-8e88-4492-a879-2cb37da34b48.png,0,50,263
264,8426af1f-87a3-47b6-8e28-785dcffebd79.png,training/segmentations/8426af1f-87a3-47b6-8e28-785dcffebd79.png,0,50,264
265,846fc0cb-1e55-4ff9-a41e-ca7eb378aead.png,training/segmentations/846fc0cb-1e55-4ff9-a41e-ca7eb378aead.png,0,50,265
266,84a337a4-4757-431f-9b40-f66fc7002197.png,training/segmentations/84a337a4-4757-431f-9b40-f66fc7002197.png,0,50,266
267,8554a949-7326-4dbf-bb90-34d3c46fb788.png,training/segmentations/8554a949-7326-4dbf-bb90-34d3c46fb788.png,0,50,267
268,861dfa44-3a0d-473d-9e06-cdc99aa95f9d.png,training/segmentations/861dfa44-3a0d-473d-9e06-cdc99aa95f9d.png,0,50,268
269,86528d9a-133a-496a-9912-7b4014ea7e8f.png,training/segmentations/86528d9a-133a-496a-9912-7b4014ea7e8f.png,0,50,269
270,86d16f49-a4a1-425c-8700-f6d9c51f938d.png,training/segmentations/86d16f49-a4a1-425c-8700-f6d9c51f938d.png,0,50,270
271,86e55de9-3f91-490f-8d04-346586af4c65.png,training/segmentations/86e55de9-3f91-490f-8d04-346586af4c65.png,0,50,271
272,87d12d71-d271-4fab-bbc7-e3b87706625f.png,training/segmentations/87d12d71-d271-4fab-bbc7-e3b87706625f.png,0,50,272
273,883764e8-49e6-4aee-b4ab-67600fe0a40b.png,training/segmentations/883764e8-49e6-4aee-b4ab-67600fe0a40b.png,0,50,273
274,88ecbe20-d7bb-4271-ab8f-daa6998332c6.png,training/segmentations/88ecbe20-d7bb-4271-ab8f-daa6998332c6.png,0,50,274
275,89fde8ad-1b3c-458d-9e97-9c54663b16d5.png,training/segmentations/89fde8ad-1b3c-458d-9e97-9c54663b16d5.png,0,50,275
276,8a0a7c50-6a4f-49ee-9cb6-a8c917257dc7.png,training/segmentations/8a0a7c50-6a4f-49ee-9cb6-a8c917257dc7.png,0,50,276
277,8a710de3-05e5-45cd-add0-7e21eaa52581.png,training/segmentations/8a710de3-05e5-45cd-add0-7e21eaa52581.png,0,50,277
278,8add9232-7113-45a6-ba8a-e84c68009e5a.png,training/segmentations/8add9232-7113-45a6-ba8a-e84c68009e5a.png,0,50,278
279,8b00faee-eb01-466d-b670-1ac23773606b.png,training/segmentations/8b00faee-eb01-466d-b670-1ac23773606b.png,0,50,279
280,8b6ea072-3e5f-4f65-a01d-456b0c9f8502.png,training/segmentations/8b6ea072-3e5f-4f65-a01d-456b0c9f8502.png,0,50,280
281,8b929f37-f277-40d5-94d6-e40a2fe66a23.png,training/segmentations/8b929f37-f277-40d5-94d6-e40a2fe66a23.png,0,50,281
282,8bb00fa7-f757-4c1c-b7be-ac348b96cdcc.png,training/segmentations/8bb00fa7-f757-4c1c-b7be-ac348b96cdcc.png,0,50,282
283,8bc3be68-6c5b-432d-9db1-37fe6313dc20.png,training/segmentations/8bc3be68-6c5b-432d-9db1-37fe6313dc20.png,0,50,283
284,8d4995bc-7d00-4ade-ba1e-5c07567877c9.png,training/segmentations/8d4995bc-7d00-4ade-ba1e-5c07567877c9.png,0,50,284
285,8ddd5b38-76bc-4e79-83d4-e4fa808733b9.png,training/segmentations/8ddd5b38-76bc-4e79-83d4-e4fa808733b9.png,0,50,285
286,8e42d872-1490-481b-b9f7-a896707bf013.png,training/segmentations/8e42d872-1490-481b-b9f7-a896707bf013.png,0,50,286
287,8eb05dd9-3a5c-415b-8cdc-6b909e1bd6c8.png,training/segmentations/8eb05dd9-3a5c-415b-8cdc-6b909e1bd6c8.png,0,50,287
288,8feedeb6-185e-424c-90c7-d9816a1779b1.png,training/segmentations/8feedeb6-185e-424c-90c7-d9816a1779b1.png,0,50,288
289,900654c5-8d45-4fd4-811f-79d945228055.png,training/segmentations/900654c5-8d45-4fd4-811f-79d945228055.png,0,50,289
290,901ba1dc-066b-4ecc-8851-905cb5a4f936.png,training/segmentations/901ba1dc-066b-4ecc-8851-905cb5a4f936.png,0,50,290
291,90776285-10b8-4b07-9f06-943a943e9575.png,training/segmentations/90776285-10b8-4b07-9f06-943a943e9575.png,0,50,291
292,909ce86b-8cc7-4dd5-9b7b-4a0b56c9b3cc.png,training/segmentations/909ce86b-8cc7-4dd5-9b7b-4a0b56c9b3cc.png,0,50,292
293,90db8a00-385c-4ed0-9cbe-d6ae4e23ac36.png,training/segmentations/90db8a00-385c-4ed0-9cbe-d6ae4e23ac36.png,0,50,293
294,90ddf592-e183-469f-bcf2-f44e6d7d58be.png,training/segmentations/90ddf592-e183-469f-bcf2-f44e6d7d58be.png,0,50,294
295,911ff548-2685-4180-a2bd-f74ed6f3e7f3.png,training/segmentations/911ff548-2685-4180-a2bd-f74ed6f3e7f3.png,0,50,295
296,915e69d3-5dcd-436d-8ba6-deaeb7cf768a.png,training/segmentations/915e69d3-5dcd-436d-8ba6-deaeb7cf768a.png,0,50,296
297,9185d4fb-11d2-4a0b-908d-e17f372e4ccd.png,training/segmentations/9185d4fb-11d2-4a0b-908d-e17f372e4ccd.png,0,50,297
298,91f7765c-6b72-4626-871e-24a6f63dcdc1.png,training/segmentations/91f7765c-6b72-4626-871e-24a6f63dcdc1.png,0,50,298
299,9309b372-4565-42e9-bfe3-38852d491b0b.png,training/segmentations/9309b372-4565-42e9-bfe3-38852d491b0b.png,0,50,299
300,9324696e-be0b-450f-9e6a-2b186aafc117.png,training/segmentations/9324696e-be0b-450f-9e6a-2b186aafc117.png,0,50,300
301,93509164-d0c4-401b-951b-419e0e2c12ce.png,training/segmentations/93509164-d0c4-401b-951b-419e0e2c12ce.png,0,50,301
302,936228fc-023f-4ba8-9e19-0d002a08768d.png,training/segmentations/936228fc-023f-4ba8-9e19-0d002a08768d.png,0,50,302
303,936e3dc2-2af6-42b3-81d1-e3919ec5e6f0.png,training/segmentations/936e3dc2-2af6-42b3-81d1-e3919ec5e6f0.png,0,50,303
304,9378f2ba-669b-4218-a3cc-8ae4f279de75.png,training/segmentations/9378f2ba-669b-4218-a3cc-8ae4f279de75.png,0,50,304
305,946a3555-13d5-49d9-8e7f-6ce76701539f.png,training/segmentations/946a3555-13d5-49d9-8e7f-6ce76701539f.png,0,50,305
306,95ee4181-f4df-4e42-bfb3-c71e1a6d8d9c.png,training/segmentations/95ee4181-f4df-4e42-bfb3-c71e1a6d8d9c.png,0,50,306
307,96258adb-8d2e-441d-a661-36903be79ea4.png,training/segmentations/96258adb-8d2e-441d-a661-36903be79ea4.png,0,50,307
308,967cacbc-9a0e-4897-bb7c-b611b0d3a6ab.png,training/segmentations/967cacbc-9a0e-4897-bb7c-b611b0d3a6ab.png,0,50,308
309,9709b33f-944b-46b5-9c4e-16e8dbd6aff8.png,training/segmentations/9709b33f-944b-46b5-9c4e-16e8dbd6aff8.png,0,50,309
310,975309c4-ee7d-41ff-bb26-865d63ec962d.png,training/segmentations/975309c4-ee7d-41ff-bb26-865d63ec962d.png,0,50,310
311,9766d643-3564-4a98-8151-f5b5cb414309.png,training/segmentations/9766d643-3564-4a98-8151-f5b5cb414309.png,0,50,311
312,97c6c267-f7b4-4a45-8949-54a50a8f8b01.png,training/segmentations/97c6c267-f7b4-4a45-8949-54a50a8f8b01.png,0,50,312
313,980d630f-9224-4837-bff2-757d91b30489.png,training/segmentations/980d630f-9224-4837-bff2-757d91b30489.png,0,50,313
314,98fd72b5-33ed-46a8-928a-54ff5c74fd72.png,training/segmentations/98fd72b5-33ed-46a8-928a-54ff5c74fd72.png,0,50,314
315,992b2749-d65e-446e-84e6-46bafb109117.png,training/segmentations/992b2749-d65e-446e-84e6-46bafb109117.png,0,50,315
316,99fd4e42-b5b4-425c-9207-3788d234704a.png,training/segmentations/99fd4e42-b5b4-425c-9207-3788d234704a.png,0,50,316
317,9b5982c9-248d-46d4-b9aa-927de143c6ad.png,training/segmentations/9b5982c9-248d-46d4-b9aa-927de143c6ad.png,0,50,317
318,9cfdac30-d780-410a-9176-6ea5832f55c7.png,training/segmentations/9cfdac30-d780-410a-9176-6ea5832f55c7.png,0,50,318
319,9d459bd9-2631-447f-89b8-49cf6595d73f.png,training/segmentations/9d459bd9-2631-447f-89b8-49cf6595d73f.png,0,50,319
320,9d8ed665-70f8-44da-b605-4f219175eaa1.png,training/segmentations/9d8ed665-70f8-44da-b605-4f219175eaa1.png,0,50,320
321,9e05d5c9-8097-4772-b473-50ca1e4918b3.png,training/segmentations/9e05d5c9-8097-4772-b473-50ca1e4918b3.png,0,50,321
322,9e836289-0932-411d-8bad-2fa59dd39448.png,training/segmentations/9e836289-0932-411d-8bad-2fa59dd39448.png,0,50,322
323,9ea998c3-ac4a-4fa1-a35a-ca12c32cdd2c.png,training/segmentations/9ea998c3-ac4a-4fa1-a35a-ca12c32cdd2c.png,0,50,323
324,9faceb09-dc18-4047-939b-7ddaca5e0413.png,training/segmentations/9faceb09-dc18-4047-939b-7ddaca5e0413.png,0,50,324
325,a1100f46-258c-4986-98b5-48a0fd73275e.png,training/segmentations/a1100f46-258c-4986-98b5-48a0fd73275e.png,0,50,325
326,a110acd0-0844-44f3-a1ea-7d89033f1dd1.png,training/segmentations/a110acd0-0844-44f3-a1ea-7d89033f1dd1.png,0,50,326
327,a151bdca-2c61-44b0-8f16-671cc3ae5af1.png,training/segmentations/a151bdca-2c61-44b0-8f16-671cc3ae5af1.png,0,50,327
328,a1859103-8576-401e-b07c-d2f7db5f9b45.png,training/segmentations/a1859103-8576-401e-b07c-d2f7db5f9b45.png,0,50,328
329,a1b0985b-df15-401e-9ae1-9beb85c82999.png,training/segmentations/a1b0985b-df15-401e-9ae1-9beb85c82999.png,0,50,329
330,a22479e2-c5be-4c83-831b-48500855d60a.png,training/segmentations/a22479e2-c5be-4c83-831b-48500855d60a.png,0,50,330
331,a2a4ec8c-926b-4077-a924-8bf72bf41d54.png,training/segmentations/a2a4ec8c-926b-4077-a924-8bf72bf41d54.png,0,50,331
332,a2c174f0-4a69-47d7-a23a-06632dbf5809.png,training/segmentations/a2c174f0-4a69-47d7-a23a-06632dbf5809.png,0,50,332
333,a30c030c-f9f2-4e02-9b3e-5c5dd7b304af.png,training/segmentations/a30c030c-f9f2-4e02-9b3e-5c5dd7b304af.png,0,50,333
334,a40b0f06-5d29-4a97-9dc0-810913a99ad6.png,training/segmentations/a40b0f06-5d29-4a97-9dc0-810913a99ad6.png,0,50,334
335,a4e76d31-2b1a-490a-98b9-a70e9f2cc4ac.png,training/segmentations/a4e76d31-2b1a-490a-98b9-a70e9f2cc4ac.png,0,50,335
336,a620b4aa-ac78-4e6c-bc7b-2bd4fa6b5f7d.png,training/segmentations/a620b4aa-ac78-4e6c-bc7b-2bd4fa6b5f7d.png,0,50,336
337,a6753384-1294-4dd7-aa2e-4b174e6e9f10.png,training/segmentations/a6753384-1294-4dd7-aa2e-4b174e6e9f10.png,0,50,337
338,a6bc9b68-df53-4f75-b26a-087be973a0e2.png,training/segmentations/a6bc9b68-df53-4f75-b26a-087be973a0e2.png,0,50,338
339,a72445a4-fdb6-4d67-99e3-f94f03bce865.png,training/segmentations/a72445a4-fdb6-4d67-99e3-f94f03bce865.png,0,50,339
340,a74354ef-ce0d-4548-9a89-4774a21c0b51.png,training/segmentations/a74354ef-ce0d-4548-9a89-4774a21c0b51.png,0,50,340
341,a83bf448-6bbd-43f5-b203-d73401b9ef12.png,training/segmentations/a83bf448-6bbd-43f5-b203-d73401b9ef12.png,0,50,341
342,a96b5818-dde6-4933-bc2f-75775367eacc.png,training/segmentations/a96b5818-dde6-4933-bc2f-75775367eacc.png,0,50,342
343,aa76107d-980c-4355-a653-2f26b05e35a3.png,training/segmentations/aa76107d-980c-4355-a653-2f26b05e35a3.png,0,50,343
344,ab6f1553-994f-40b0-acd7-d3df454c259c.png,training/segmentations/ab6f1553-994f-40b0-acd7-d3df454c259c.png,0,50,344
345,ab73ae1f-1fb6-4ece-88b1-7b8fc20767fa.png,training/segmentations/ab73ae1f-1fb6-4ece-88b1-7b8fc20767fa.png,0,50,345
346,abd6fc42-65fa-45c5-8ec6-d2f16cb5da91.png,training/segmentations/abd6fc42-65fa-45c5-8ec6-d2f16cb5da91.png,0,50,346
347,ae654bfe-f615-4198-8207-122a2d416f4e.png,training/segmentations/ae654bfe-f615-4198-8207-122a2d416f4e.png,0,50,347
348,ae68f907-6792-404e-a616-c88dc8f8678f.png,training/segmentations/ae68f907-6792-404e-a616-c88dc8f8678f.png,0,50,348
349,af7f3ad2-9c6c-417b-9eb9-7e838612b70f.png,training/segmentations/af7f3ad2-9c6c-417b-9eb9-7e838612b70f.png,0,50,349
350,afab757e-71eb-4438-8bcc-1042316b6e44.png,training/segmentations/afab757e-71eb-4438-8bcc-1042316b6e44.png,0,50,350
351,b1166425-c7c2-4094-aaf2-6c46f587f9b2.png,training/segmentations/b1166425-c7c2-4094-aaf2-6c46f587f9b2.png,0,50,351
352,b1304d46-b338-4514-8a21-236e23727570.png,training/segmentations/b1304d46-b338-4514-8a21-236e23727570.png,0,50,352
353,b1839678-9e9b-43d8-843a-9bdc6cff8cb5.png,training/segmentations/b1839678-9e9b-43d8-843a-9bdc6cff8cb5.png,0,50,353
354,b1b0ee1f-6167-49d3-a821-e2f2e912df47.png,training/segmentations/b1b0ee1f-6167-49d3-a821-e2f2e912df47.png,0,50,354
355,b20448dc-21df-4ab4-81fe-526e36214b45.png,training/segmentations/b20448dc-21df-4ab4-81fe-526e36214b45.png,0,50,355
356,b291db49-ebfb-494b-8b02-fb670743646b.png,training/segmentations/b291db49-ebfb-494b-8b02-fb670743646b.png,0,50,356
357,b34997d0-0c81-4140-8058-0f8d79af81eb.png,training/segmentations/b34997d0-0c81-4140-8058-0f8d79af81eb.png,0,50,357
358,b36137bb-228c-4274-84b3-ca0d6e3787b3.png,training/segmentations/b36137bb-228c-4274-84b3-ca0d6e3787b3.png,0,50,358
359,b3687b28-4697-4808-ae59-260d3ab06aa2.png,training/segmentations/b3687b28-4697-4808-ae59-260d3ab06aa2.png,0,50,359
360,b41bdaad-0e3a-4315-a03d-77dde606afb4.png,training/segmentations/b41bdaad-0e3a-4315-a03d-77dde606afb4.png,0,50,360
361,b4afba25-7b72-4712-8286-2d495812fe8f.png,training/segmentations/b4afba25-7b72-4712-8286-2d495812fe8f.png,0,50,361
362,b51e5da8-3ee9-4133-8829-e2023e91b6f8.png,training/segmentations/b51e5da8-3ee9-4133-8829-e2023e91b6f8.png,0,50,362
363,b54dec20-f1c3-40e5-8e88-03b4462b1132.png,training/segmentations/b54dec20-f1c3-40e5-8e88-03b4462b1132.png,0,50,363
364,b6185548-d9b0-4f54-9902-adf009a66e7c.png,training/segmentations/b6185548-d9b0-4f54-9902-adf009a66e7c.png,0,50,364
365,b619874b-c382-4877-b114-d0b41e31b132.png,training/segmentations/b619874b-c382-4877-b114-d0b41e31b132.png,0,50,365
366,b6201088-8089-4238-b988-d2f55bd68dbe.png,training/segmentations/b6201088-8089-4238-b988-d2f55bd68dbe.png,0,50,366
367,b6566df5-d08b-4708-a76a-a6a8c1ef7bd1.png,training/segmentations/b6566df5-d08b-4708-a76a-a6a8c1ef7bd1.png,0,50,367
368,b659d050-95d0-4b8d-a942-26591c98251f.png,training/segmentations/b659d050-95d0-4b8d-a942-26591c98251f.png,0,50,368
369,b6be2a87-0db4-45e8-af69-aee027bcc2a1.png,training/segmentations/b6be2a87-0db4-45e8-af69-aee027bcc2a1.png,0,50,369
370,b7b9a28d-a308-41d5-8c01-53ea791be8ef.png,training/segmentations/b7b9a28d-a308-41d5-8c01-53ea791be8ef.png,0,50,370
371,b8d07d2f-4938-4e2c-9761-1a01c86c19ed.png,training/segmentations/b8d07d2f-4938-4e2c-9761-1a01c86c19ed.png,0,50,371
372,b91cb7cc-b173-4621-80d8-9965822d0541.png,training/segmentations/b91cb7cc-b173-4621-80d8-9965822d0541.png,0,50,372
373,ba2d5e9b-58f2-4555-86f0-7388d3411fab.png,training/segmentations/ba2d5e9b-58f2-4555-86f0-7388d3411fab.png,0,50,373
374,ba522112-cb40-4ad8-a4ec-7498130c4556.png,training/segmentations/ba522112-cb40-4ad8-a4ec-7498130c4556.png,0,50,374
375,ba572dc3-2be2-4054-ab93-eadc9a64c858.png,training/segmentations/ba572dc3-2be2-4054-ab93-eadc9a64c858.png,0,50,375
376,bbbb04cb-62f0-40ca-9637-815a80940dff.png,training/segmentations/bbbb04cb-62f0-40ca-9637-815a80940dff.png,0,50,376
377,bc06ad3b-0650-40d1-8cc2-3005e9f5b798.png,training/segmentations/bc06ad3b-0650-40d1-8cc2-3005e9f5b798.png,0,50,377
378,bc390b28-9572-47b1-8694-43cbb10730bd.png,training/segmentations/bc390b28-9572-47b1-8694-43cbb10730bd.png,0,50,378
379,bccfbe6e-acb5-4f42-863e-769243a20275.png,training/segmentations/bccfbe6e-acb5-4f42-863e-769243a20275.png,0,50,379
380,bcdb5a1c-2cdb-4431-a7d2-3fb4bbc33b6c.png,training/segmentations/bcdb5a1c-2cdb-4431-a7d2-3fb4bbc33b6c.png,0,50,380
381,beceedbf-ac38-498a-b4f4-bba6371e927f.png,training/segmentations/beceedbf-ac38-498a-b4f4-bba6371e927f.png,0,50,381
382,bf0b5f62-2c4b-4fbd-bac8-a5f980dffdd3.png,training/segmentations/bf0b5f62-2c4b-4fbd-bac8-a5f980dffdd3.png,0,50,382
383,bf4394e6-4dcb-4017-a373-5c5b05bfa367.png,training/segmentations/bf4394e6-4dcb-4017-a373-5c5b05bfa367.png,0,50,383
384,c0b86757-b8d6-41c3-bb6b-071be2cf1343.png,training/segmentations/c0b86757-b8d6-41c3-bb6b-071be2cf1343.png,0,50,384
385,c0c6630e-97e1-4514-af2b-610836031ad7.png,training/segmentations/c0c6630e-97e1-4514-af2b-610836031ad7.png,0,50,385
386,c12ce0a3-632b-4f88-95cc-152c1f21fbbf.png,training/segmentations/c12ce0a3-632b-4f88-95cc-152c1f21fbbf.png,0,50,386
387,c22ccf2e-4a83-4727-9b7f-37c61172ed1a.png,training/segmentations/c22ccf2e-4a83-4727-9b7f-37c61172ed1a.png,0,50,387
388,c2735dd8-b822-42eb-9011-3bc5789042cb.png,training/segmentations/c2735dd8-b822-42eb-9011-3bc5789042cb.png,0,50,388
389,c36e99ef-9c31-451a-b19d-1c0201e2304a.png,training/segmentations/c36e99ef-9c31-451a-b19d-1c0201e2304a.png,0,50,389
390,c3e6c10c-3d6e-4248-b0b2-77ad5308549f.png,training/segmentations/c3e6c10c-3d6e-4248-b0b2-77ad5308549f.png,0,50,390
391,c466a3f5-e623-43a2-a239-303162650348.png,training/segmentations/c466a3f5-e623-43a2-a239-303162650348.png,0,50,391
392,c53acad0-64b1-4135-a964-114ad1ad8931.png,training/segmentations/c53acad0-64b1-4135-a964-114ad1ad8931.png,0,50,392
393,c57e6b99-791c-4896-b44b-98079e5b6ecf.png,training/segmentations/c57e6b99-791c-4896-b44b-98079e5b6ecf.png,0,50,393
394,c64ed207-6799-4d7c-a770-d6abde91d10b.png,training/segmentations/c64ed207-6799-4d7c-a770-d6abde91d10b.png,0,50,394
395,c70933b8-5346-4344-aebb-bbf47815654d.png,training/segmentations/c70933b8-5346-4344-aebb-bbf47815654d.png,0,50,395
396,c7134ca2-58f3-4c48-a698-544e0f5c4826.png,training/segmentations/c7134ca2-58f3-4c48-a698-544e0f5c4826.png,0,50,396
397,c724accf-8629-4699-af73-5867e06de94a.png,training/segmentations/c724accf-8629-4699-af73-5867e06de94a.png,0,50,397
398,c73619c9-2acd-406b-916a-a9ce3e0ac457.png,training/segmentations/c73619c9-2acd-406b-916a-a9ce3e0ac457.png,0,50,398
399,c7639b1e-76cb-4ec5-96de-e5b4c1acb810.png,training/segmentations/c7639b1e-76cb-4ec5-96de-e5b4c1acb810.png,0,50,399
400,c77ff7aa-89ed-4c0b-9bab-4b6807260f96.png,training/segmentations/c77ff7aa-89ed-4c0b-9bab-4b6807260f96.png,0,50,400
401,c7d32c7f-5a14-4fd6-a148-5ed141ff08a8.png,training/segmentations/c7d32c7f-5a14-4fd6-a148-5ed141ff08a8.png,0,50,401
402,c7f7274c-f876-4ba0-9e32-009e2126d768.png,training/segmentations/c7f7274c-f876-4ba0-9e32-009e2126d768.png,0,50,402
403,c8be9a40-0818-44ab-a67c-f02e767d4269.png,training/segmentations/c8be9a40-0818-44ab-a67c-f02e767d4269.png,0,50,403
404,c937e9f1-c40c-4a54-bd98-184e998e7222.png,training/segmentations/c937e9f1-c40c-4a54-bd98-184e998e7222.png,0,50,404
405,c974036f-70ef-4058-9aef-855c3839bd0c.png,training/segmentations/c974036f-70ef-4058-9aef-855c3839bd0c.png,0,50,405
406,cb176dfe-baeb-40ad-9d09-9a2aa19dbabc.png,training/segmentations/cb176dfe-baeb-40ad-9d09-9a2aa19dbabc.png,0,50,406
407,cbda8946-8ab7-40b3-ac82-1eaba51ecd29.png,training/segmentations/cbda8946-8ab7-40b3-ac82-1eaba51ecd29.png,0,50,407
408,cbe164d9-c5bb-407e-8c36-cfb7125088ab.png,training/segmentations/cbe164d9-c5bb-407e-8c36-cfb7125088ab.png,0,50,408
409,ccacfd0a-cab8-46ee-8c69-6cbf19148cb5.png,training/segmentations/ccacfd0a-cab8-46ee-8c69-6cbf19148cb5.png,0,50,409
410,cd0a7b19-a952-4567-82dd-77576c323a20.png,training/segmentations/cd0a7b19-a952-4567-82dd-77576c323a20.png,0,50,410
411,cd5b771b-0bc5-4c51-87ba-14d44d2fc74b.png,training/segmentations/cd5b771b-0bc5-4c51-87ba-14d44d2fc74b.png,0,50,411
412,cde94cd8-c11d-4baf-a95c-5e31eb5d920e.png,training/segmentations/cde94cd8-c11d-4baf-a95c-5e31eb5d920e.png,0,50,412
413,ce792a1a-3f37-46e7-a13b-1c5ab91d33ce.png,training/segmentations/ce792a1a-3f37-46e7-a13b-1c5ab91d33ce.png,0,50,413
414,cea18972-f1fc-4318-8684-a0f35dc40af0.png,training/segmentations/cea18972-f1fc-4318-8684-a0f35dc40af0.png,0,50,414
415,cf306f44-fc84-4853-ba7a-3a7d8073a168.png,training/segmentations/cf306f44-fc84-4853-ba7a-3a7d8073a168.png,0,50,415
416,cf421522-4d06-476e-bb1a-5c2c40347cc7.png,training/segmentations/cf421522-4d06-476e-bb1a-5c2c40347cc7.png,0,50,416
417,cfc0aeb3-ae78-445c-8ea5-38a5d283c3fb.png,training/segmentations/cfc0aeb3-ae78-445c-8ea5-38a5d283c3fb.png,0,50,417
418,cfc75c08-d362-44a9-adfa-e690b2d0532f.png,training/segmentations/cfc75c08-d362-44a9-adfa-e690b2d0532f.png,0,50,418
419,cfd48485-bdbd-4fad-a506-bfc16018ed93.png,training/segmentations/cfd48485-bdbd-4fad-a506-bfc16018ed93.png,0,50,419
420,d02a7b85-aceb-4ac0-8eeb-8298576d85a8.png,training/segmentations/d02a7b85-aceb-4ac0-8eeb-8298576d85a8.png,0,50,420
421,d078c5a6-0ce5-4f88-8ac9-4594ea7a85fd.png,training/segmentations/d078c5a6-0ce5-4f88-8ac9-4594ea7a85fd.png,0,50,421
422,d0f83a1f-8f00-4c4d-a83c-ac8a890a3900.png,training/segmentations/d0f83a1f-8f00-4c4d-a83c-ac8a890a3900.png,0,50,422
423,d1329985-65b5-438e-a1cc-47ec712fd93d.png,training/segmentations/d1329985-65b5-438e-a1cc-47ec712fd93d.png,0,50,423
424,d13ee410-f42d-438d-8b90-c327b84d2bf7.png,training/segmentations/d13ee410-f42d-438d-8b90-c327b84d2bf7.png,0,50,424
425,d1e3194a-6108-4053-a437-fd48a695be01.png,training/segmentations/d1e3194a-6108-4053-a437-fd48a695be01.png,0,50,425
426,d1ef9e58-f48f-4ebc-bcdb-6314762eed77.png,training/segmentations/d1ef9e58-f48f-4ebc-bcdb-6314762eed77.png,0,50,426
427,d33463a6-1f23-465d-b1da-c2ad26aee1c1.png,training/segmentations/d33463a6-1f23-465d-b1da-c2ad26aee1c1.png,0,50,427
428,d35d13f2-e67b-4e35-a904-4ae226f8be4e.png,training/segmentations/d35d13f2-e67b-4e35-a904-4ae226f8be4e.png,0,50,428
429,d4cd8701-8991-41d7-9113-45dffd128ddf.png,training/segmentations/d4cd8701-8991-41d7-9113-45dffd128ddf.png,0,50,429
430,d5361a03-c74d-4b3d-80f3-53e27d29ca31.png,training/segmentations/d5361a03-c74d-4b3d-80f3-53e27d29ca31.png,0,50,430
431,d59c03e7-4811-4c0c-8d07-305a68940b40.png,training/segmentations/d59c03e7-4811-4c0c-8d07-305a68940b40.png,0,50,431
432,d62f8af1-1f76-469b-a5a3-d27b672d448a.png,training/segmentations/d62f8af1-1f76-469b-a5a3-d27b672d448a.png,0,50,432
433,d63275e8-a782-4cfc-8bd2-4770117fd83e.png,training/segmentations/d63275e8-a782-4cfc-8bd2-4770117fd83e.png,0,50,433
434,d6532d18-b12a-4a65-b253-a95ec6c4299b.png,training/segmentations/d6532d18-b12a-4a65-b253-a95ec6c4299b.png,0,50,434
435,d6a5ffac-d674-4d00-bcc1-90940b17c2e7.png,training/segmentations/d6a5ffac-d674-4d00-bcc1-90940b17c2e7.png,0,50,435
436,d6e01cfb-b9a6-4bd4-ba5d-a2d3dd81d541.png,training/segmentations/d6e01cfb-b9a6-4bd4-ba5d-a2d3dd81d541.png,0,50,436
437,d7a04211-cd7e-41c8-af34-c75b32226a06.png,training/segmentations/d7a04211-cd7e-41c8-af34-c75b32226a06.png,0,50,437
438,d9147528-980c-44e2-9507-46f81a5cd48e.png,training/segmentations/d9147528-980c-44e2-9507-46f81a5cd48e.png,0,50,438
439,d9ccad52-7885-437b-a0fc-530883f327a9.png,training/segmentations/d9ccad52-7885-437b-a0fc-530883f327a9.png,0,50,439
440,da0daee4-d14f-4662-8e64-d9bc006d92b8.png,training/segmentations/da0daee4-d14f-4662-8e64-d9bc006d92b8.png,0,50,440
441,da1368ff-6532-493c-a000-0d59d5739e01.png,training/segmentations/da1368ff-6532-493c-a000-0d59d5739e01.png,0,50,441
442,da3dc2f2-f1ed-4161-b9f9-7eb26d094742.png,training/segmentations/da3dc2f2-f1ed-4161-b9f9-7eb26d094742.png,0,50,442
443,da4b210a-c88f-4f2d-b28f-2cde063c7d51.png,training/segmentations/da4b210a-c88f-4f2d-b28f-2cde063c7d51.png,0,50,443
444,da6893aa-c7a0-4921-bddd-6c8c301a3805.png,training/segmentations/da6893aa-c7a0-4921-bddd-6c8c301a3805.png,0,50,444
445,da76c881-630f-449d-9047-af59cf4c77dd.png,training/segmentations/da76c881-630f-449d-9047-af59cf4c77dd.png,0,50,445
446,dafa1d2c-6583-4d4f-8106-119f023ea052.png,training/segmentations/dafa1d2c-6583-4d4f-8106-119f023ea052.png,0,50,446
447,dc1cdbd9-6e61-4364-8f4f-859ff8500faf.png,training/segmentations/dc1cdbd9-6e61-4364-8f4f-859ff8500faf.png,0,50,447
448,ddbf0d54-353c-4889-aeb1-df9fb72042f2.png,training/segmentations/ddbf0d54-353c-4889-aeb1-df9fb72042f2.png,0,50,448
449,de2716d8-4f17-442a-9cd4-1c62f630f2cb.png,training/segmentations/de2716d8-4f17-442a-9cd4-1c62f630f2cb.png,0,50,449
450,de5f183f-f066-47e2-91b2-32e5bb6f7923.png,training/segmentations/de5f183f-f066-47e2-91b2-32e5bb6f7923.png,0,50,450
451,de88b716-e617-49ef-913e-2acd9681cb01.png,training/segmentations/de88b716-e617-49ef-913e-2acd9681cb01.png,0,50,451
452,def01c5b-3655-46e3-a410-6ff912e0946d.png,training/segmentations/def01c5b-3655-46e3-a410-6ff912e0946d.png,0,50,452
453,e035c4d0-5e2c-4864-aebf-05a50dbca5b7.png,training/segmentations/e035c4d0-5e2c-4864-aebf-05a50dbca5b7.png,0,50,453
454,e15aa838-2bbf-41dd-a68f-731b887b90dc.png,training/segmentations/e15aa838-2bbf-41dd-a68f-731b887b90dc.png,0,50,454
455,e269cec1-90a2-46da-bfa1-2e2449fe2049.png,training/segmentations/e269cec1-90a2-46da-bfa1-2e2449fe2049.png,0,50,455
456,e2961601-f0f4-475c-86c2-ef7c53713fc3.png,training/segmentations/e2961601-f0f4-475c-86c2-ef7c53713fc3.png,0,50,456
457,e2b90004-fee9-4b5e-8f11-2de99075e3d7.png,training/segmentations/e2b90004-fee9-4b5e-8f11-2de99075e3d7.png,0,50,457
458,e2ec34dd-ce79-4501-81d6-af77f86513e5.png,training/segmentations/e2ec34dd-ce79-4501-81d6-af77f86513e5.png,0,50,458
459,e32d1fe9-3422-49c2-b534-ad863313ec15.png,training/segmentations/e32d1fe9-3422-49c2-b534-ad863313ec15.png,0,50,459
460,e36ccb7e-0d34-40af-ab58-668f37fe5329.png,training/segmentations/e36ccb7e-0d34-40af-ab58-668f37fe5329.png,0,50,460
461,e4aba2fb-d1cf-46a0-ba97-636b2440640e.png,training/segmentations/e4aba2fb-d1cf-46a0-ba97-636b2440640e.png,0,50,461
462,e4cc717f-8b7a-490f-ad79-2aba7ae26104.png,training/segmentations/e4cc717f-8b7a-490f-ad79-2aba7ae26104.png,0,50,462
463,e5349a43-2246-41a7-a284-87c43e6f10a0.png,training/segmentations/e5349a43-2246-41a7-a284-87c43e6f10a0.png,0,50,463
464,e5773746-3f35-45ff-959d-87d86310e7e1.png,training/segmentations/e5773746-3f35-45ff-959d-87d86310e7e1.png,0,50,464
465,e6eba145-95cd-4e3b-b364-9712c11e0334.png,training/segmentations/e6eba145-95cd-4e3b-b364-9712c11e0334.png,0,50,465
466,e6f84935-cdb8-46f4-b6c1-7f3cca4bfdec.png,training/segmentations/e6f84935-cdb8-46f4-b6c1-7f3cca4bfdec.png,0,50,466
467,e76eae85-2a7d-4f19-ab4f-3b23dd30016b.png,training/segmentations/e76eae85-2a7d-4f19-ab4f-3b23dd30016b.png,0,50,467
468,e86b46c2-c202-442b-8a3c-a77b324ae544.png,training/segmentations/e86b46c2-c202-442b-8a3c-a77b324ae544.png,0,50,468
469,e8b960a9-cc5c-47c5-81de-76cc2dbb509d.png,training/segmentations/e8b960a9-cc5c-47c5-81de-76cc2dbb509d.png,0,50,469
470,e8d96f14-e89d-4a7c-ac21-81ea1fc107bf.png,training/segmentations/e8d96f14-e89d-4a7c-ac21-81ea1fc107bf.png,0,50,470
471,e9606607-96bc-4fc4-9426-fcb5c9ac9c50.png,training/segmentations/e9606607-96bc-4fc4-9426-fcb5c9ac9c50.png,0,50,471
472,e9fad2dd-2378-4ae3-a38f-45b4650dd3bc.png,training/segmentations/e9fad2dd-2378-4ae3-a38f-45b4650dd3bc.png,0,50,472
473,ea1f7a70-52db-4b24-9d9d-52c58c3c8cdd.png,training/segmentations/ea1f7a70-52db-4b24-9d9d-52c58c3c8cdd.png,0,50,473
474,ea2d5d47-df7d-471d-b34d-966896f4a066.png,training/segmentations/ea2d5d47-df7d-471d-b34d-966896f4a066.png,0,50,474
475,eab3cdc7-6fce-45ab-b89e-c77a4e1028b2.png,training/segmentations/eab3cdc7-6fce-45ab-b89e-c77a4e1028b2.png,0,50,475
476,ecb5a8d7-287b-4ab3-a295-c8f34b9e6533.png,training/segmentations/ecb5a8d7-287b-4ab3-a295-c8f34b9e6533.png,0,50,476
477,ecc8ac68-e98b-4375-b7c4-4d8c634b8d50.png,training/segmentations/ecc8ac68-e98b-4375-b7c4-4d8c634b8d50.png,0,50,477
478,ed1f75db-b83f-48e6-a053-d5cfbcc0080c.png,training/segmentations/ed1f75db-b83f-48e6-a053-d5cfbcc0080c.png,0,50,478
479,ed7b944d-ec1a-4d59-9b70-076aa24c042d.png,training/segmentations/ed7b944d-ec1a-4d59-9b70-076aa24c042d.png,0,50,479
480,ef2baa16-5bff-4271-b2fd-1786a3f5ab49.png,training/segmentations/ef2baa16-5bff-4271-b2fd-1786a3f5ab49.png,0,50,480
481,f0de3fed-a966-4d5c-9a34-c7abbfc61509.png,training/segmentations/f0de3fed-a966-4d5c-9a34-c7abbfc61509.png,0,50,481
482,f0f0236a-d44b-41a6-99d4-154a843f697b.png,training/segmentations/f0f0236a-d44b-41a6-99d4-154a843f697b.png,0,50,482
483,f141b49b-453f-4f7e-a294-66f78bec969f.png,training/segmentations/f141b49b-453f-4f7e-a294-66f78bec969f.png,0,50,483
484,f1e03997-9426-4cb2-92a3-e6df259e14db.png,training/segmentations/f1e03997-9426-4cb2-92a3-e6df259e14db.png,0,50,484
485,f20d57a0-e985-4a1c-9f33-557cc7720048.png,training/segmentations/f20d57a0-e985-4a1c-9f33-557cc7720048.png,0,50,485
486,f2337532-a32e-45b5-a35a-5c2481f12d9b.png,training/segmentations/f2337532-a32e-45b5-a35a-5c2481f12d9b.png,0,50,486
487,f2d9fa74-bf3f-47db-8742-84101710f542.png,training/segmentations/f2d9fa74-bf3f-47db-8742-84101710f542.png,0,50,487
488,f47af81c-ab83-4f95-ab33-4e35141788a5.png,training/segmentations/f47af81c-ab83-4f95-ab33-4e35141788a5.png,0,50,488
489,f4ac024c-a185-4f5e-aec4-532157340ee9.png,training/segmentations/f4ac024c-a185-4f5e-aec4-532157340ee9.png,0,50,489
490,f4e7cc83-f345-4cec-ace5-7e6ab6a2138e.png,training/segmentations/f4e7cc83-f345-4cec-ace5-7e6ab6a2138e.png,0,50,490
491,f5a1fe75-41f1-4661-8640-227bb9be776f.png,training/segmentations/f5a1fe75-41f1-4661-8640-227bb9be776f.png,0,50,491
492,f5ba5b2c-562d-4f25-aa11-aec8c2a3cd6d.png,training/segmentations/f5ba5b2c-562d-4f25-aa11-aec8c2a3cd6d.png,0,50,492
493,f6866ca8-2724-4ec7-bf91-f8ee7a9e5103.png,training/segmentations/f6866ca8-2724-4ec7-bf91-f8ee7a9e5103.png,0,50,493
494,f8e91126-6dc2-49ab-bf45-8850ab45f3e4.png,training/segmentations/f8e91126-6dc2-49ab-bf45-8850ab45f3e4.png,0,50,494
495,f96bd260-a245-4e2b-a997-ffd51892aac3.png,training/segmentations/f96bd260-a245-4e2b-a997-ffd51892aac3.png,0,50,495
496,f99c58cf-c2e4-4ee2-8d5b-d807f7e36284.png,training/segmentations/f99c58cf-c2e4-4ee2-8d5b-d807f7e36284.png,0,50,496
497,f9fb4da8-e8e7-4046-b0c2-2a44dabb2b5f.png,training/segmentations/f9fb4da8-e8e7-4046-b0c2-2a44dabb2b5f.png,0,50,497
498,fb10dc23-df30-4310-bced-e35462239c5d.png,training/segmentations/fb10dc23-df30-4310-bced-e35462239c5d.png,0,50,498
499,fb5bd725-b545-4470-a35a-feca3d0ea3bf.png,training/segmentations/fb5bd725-b545-4470-a35a-feca3d0ea3bf.png,0,50,499
500,fc209657-62e0-49e2-aaeb-5aacf3169c1d.png,training/segmentations/fc209657-62e0-49e2-aaeb-5aacf3169c1d.png,0,50,500
501,fd1f82fd-3f33-4783-95f2-1a39686cf246.png,training/segmentations/fd1f82fd-3f33-4783-95f2-1a39686cf246.png,0,50,501
502,fde0c0ab-504f-45aa-8875-69def7566f48.png,training/segmentations/fde0c0ab-504f-45aa-8875-69def7566f48.png,0,50,502
503,fe3576af-8e3a-475b-a8a0-a6ae249f0b43.png,training/segmentations/fe3576af-8e3a-475b-a8a0-a6ae249f0b43.png,0,50,503
504,fea77e3a-5750-4cac-8b2e-85f78fa7f3c2.png,training/segmentations/fea77e3a-5750-4cac-8b2e-85f78fa7f3c2.png,0,50,504
505,b_image0002.png,validation/segmentations/b_image0002.png,0,50,505
506,b_image0008.png,validation/segmentations/b_image0008.png,0,50,506
507,image0006.png,validation/segmentations/image0006.png,0,50,507
508,image0014.png,validation/segmentations/image0014.png,0,50,508
